group,obsC,PVals
Aquaburrowers,0.4648164176244177,0
Aquaburrowers,0.06439540374417335,0
Aquaburrowers,0.24916727974408295,0
Aquaburrowers,0.00613323916869648,0
