group,obsC,PVals
semiaquatic,0.17980247873595198,0
semiaquatic,0.026327125249533352,0
semiaquatic,0.09234751476305754,0
semiaquatic,0.0025074857271040287,0.16831683168316833
