group,obsC,PVals
Terrestrial,0.33523926438602936,0
Terrestrial,2.409148634811542,0
Terrestrial,0.1529004888137083,0
Terrestrial,0.002815037314885537,0
