group,obsC,PVals
Aquaburrowers,0.24299376105187903,0
Aquaburrowers,1.6192971168243984,0
Aquaburrowers,0.10829273425635534,0
Aquaburrowers,0.0018921131481386701,0
