group,obsC,PVals
Aquatic,0.22606739852752145,0
Aquatic,1.3156749966730699,0
Aquatic,0.08665696272204844,0
Aquatic,0.0015373373632409028,0.09900990099009901
