group,obsC,PVals
burrowers,0.21231905862263886,0
burrowers,1.8973082073414411,0
burrowers,0.09068045255815387,0
burrowers,0.0022169630069016253,0.019801980198019802
