group,obsC,PVals
semiaquatic,0.36854550847015866,0
semiaquatic,2.7773581911749097,0
semiaquatic,0.15630605307924714,0
semiaquatic,0.0032452821017296715,0
