group,obsC,PVals
burrowers,0.16341544394286905,0
burrowers,0.023790965055119954,0
burrowers,0.08369627783190332,0
burrowers,0.002265933129588518,0.06930693069306931
