group,obsC,PVals
Terrestrial,0.1563293862226675,0
Terrestrial,0.022401523144741614,0
Terrestrial,0.08248823202780081,0
Terrestrial,0.0021335979153981424,0.2079207920792079
