group,obsC,PVals
Aquatic,0.3138113302918248,0
Aquatic,1.669882460279449,0
Aquatic,0.13629176807815407,0
Aquatic,0.004096381114802721,0.009900990099009901
