group,obsC,PVals
Terrestrial,0.2503893034905165,0
Terrestrial,1.0771535753194625,0.009900990099009901
Terrestrial,0.10653687201168009,0
Terrestrial,0.0026423605664691336,0.1782178217821782
