group,obsC,PVals
Aquaburrowers,0.25079154807565085,0
Aquaburrowers,1.5564963410556258,0
Aquaburrowers,0.12301760157336201,0
Aquaburrowers,0.0038182341382834804,0
